id,first_name,last_name,email,gender,ip_address
1,Huntington,Davidde,hdavidde0@tinypic.com,Male,70.32.40.208
2,Glenna,Daens,gdaens1@wikispaces.com,Female,65.35.91.138
3,Gallagher,McNirlan,gmcnirlan2@flavors.me,Male,154.48.104.178
4,Jyoti,Derrett,jderrett3@google.ru,Female,147.129.68.164
5,Luther,Gannicleff,lgannicleff4@europa.eu,Male,170.123.158.68
6,Garnette,McCool,gmccool5@boston.com,Agender,158.70.144.99
7,Douglas,Stother,dstother6@xing.com,Polygender,131.173.254.142
8,Travis,Seckington,tseckington7@businessinsider.com,Male,117.107.131.255
9,Kendrick,Sasser,ksasser8@networkadvertising.org,Male,123.78.139.152
10,Derwin,McGloin,dmcgloin9@ibm.com,Male,107.116.190.160
11,Fayina,Layborn,flayborna@washington.edu,Female,168.78.171.17
12,Aylmar,Station,astationb@twitpic.com,Male,99.227.108.66
13,Louisette,McArthur,lmcarthurc@auda.org.au,Female,235.20.2.223
14,Devlen,Guard,dguardd@techcrunch.com,Male,216.89.197.224
15,Mirabel,Bazoche,mbazochee@cdc.gov,Agender,200.23.91.75
16,Gordie,McDougle,gmcdouglef@mit.edu,Male,179.191.60.153
17,Annelise,Schall,aschallg@blogspot.com,Female,66.38.34.201
18,Marcelia,Mulliner,mmullinerh@mtv.com,Female,171.141.19.254
19,Nerissa,Slader,nsladeri@google.co.uk,Female,221.224.10.161
20,Moises,Munroe,mmunroej@clickbank.net,Male,177.206.28.134
21,Sawyer,Ropking,sropkingk@digg.com,Male,67.22.138.254
22,Debi,Northbridge,dnorthbridgel@nature.com,Genderfluid,118.167.170.39
23,Giff,Schutte,gschuttem@latimes.com,Male,132.1.35.86
24,Zorah,Timperley,ztimperleyn@ucla.edu,Female,30.24.217.137
25,Faun,Billborough,fbillborougho@cafepress.com,Female,121.114.124.248
26,Avivah,Stowgill,astowgillp@newyorker.com,Female,215.142.58.184
27,Brande,Govey,bgoveyq@oakley.com,Agender,199.45.74.126
28,Tildie,Colleer,tcolleerr@shinystat.com,Female,98.214.116.40
29,Rodi,Slyde,rslydes@cdbaby.com,Female,15.91.177.234
30,Giraud,Canedo,gcanedot@ameblo.jp,Male,73.61.20.30
31,Kermy,Worman,kwormanu@harvard.edu,Male,84.35.254.230
32,Orv,McLane,omclanev@unc.edu,Male,157.152.16.170
33,Juliana,Zottoli,jzottoliw@economist.com,Female,137.143.185.104
34,Marney,Karolewski,mkarolewskix@sourceforge.net,Female,221.123.153.30
35,Abbe,Dutt,adutty@ed.gov,Male,59.243.165.176
36,Abeu,Daber,adaberz@wordpress.org,Male,251.122.11.235
37,Davis,Chivers,dchivers10@gov.uk,Male,174.172.74.186
38,Claybourne,Coping,ccoping11@blogs.com,Male,158.254.74.133
39,Adrian,Leavry,aleavry12@php.net,Female,166.115.156.234
40,Scotty,Farny,sfarny13@etsy.com,Male,62.75.169.27
41,Garold,Robel,grobel14@independent.co.uk,Male,46.20.70.9
42,Kata,Shopcott,kshopcott15@edublogs.org,Female,133.4.255.25
43,Brian,Canet,bcanet16@usgs.gov,Male,145.234.203.0
44,Correy,Hedgecock,chedgecock17@blinklist.com,Male,92.54.62.81
45,Bord,Aggs,baggs18@hhs.gov,Male,99.81.88.76
46,Rinaldo,Sotheby,rsotheby19@icq.com,Male,45.202.223.196
47,Cletus,Stolberg,cstolberg1a@gizmodo.com,Male,26.167.168.24
48,Lacie,Pfertner,lpfertner1b@google.com.br,Female,193.69.194.176
49,Toinette,Cammish,tcammish1c@buzzfeed.com,Polygender,108.81.86.49
50,Henrietta,Jaycocks,hjaycocks1d@163.com,Female,234.193.197.10
51,Tobias,Petegrew,tpetegrew1e@ibm.com,Male,245.128.157.231
52,Viviana,Audsley,vaudsley1f@msn.com,Female,120.125.159.82
53,Irvin,Lucchi,ilucchi1g@gizmodo.com,Male,141.39.239.58
54,Angelle,Thirlwall,athirlwall1h@cbsnews.com,Female,0.81.224.148
55,Zared,Vasse,zvasse1i@de.vu,Male,176.106.58.38
56,Taffy,Faichnie,tfaichnie1j@ox.ac.uk,Female,69.103.116.195
57,Katrinka,Searston,ksearston1k@businessinsider.com,Female,242.38.2.158
58,Rusty,Dudding,rdudding1l@parallels.com,Male,31.217.101.223
59,Ulick,McAvaddy,umcavaddy1m@taobao.com,Male,53.123.237.148
60,Kacy,Shimmans,kshimmans1n@msn.com,Female,153.252.127.11
61,Kathi,Tuftin,ktuftin1o@elegantthemes.com,Female,62.197.109.72
62,Egan,Philpault,ephilpault1p@i2i.jp,Male,134.189.76.35
63,Roobbie,Fawdrie,rfawdrie1q@skyrock.com,Female,10.42.22.133
64,Grayce,Warn,gwarn1r@pcworld.com,Female,70.209.205.180
65,Iris,Abethell,iabethell1s@sciencedirect.com,Female,21.35.235.70
66,Riobard,McAlinden,rmcalinden1t@amazon.com,Male,94.205.2.125
67,Parker,Ruzicka,pruzicka1u@yellowpages.com,Male,14.223.47.97
68,Tammie,Daine,tdaine1v@ifeng.com,Male,233.41.185.97
69,Brook,Sarah,bsarah1w@yandex.ru,Female,216.252.12.83
70,Avigdor,Gregory,agregory1x@netlog.com,Male,244.239.183.147
71,Juliet,Striker,jstriker1y@deviantart.com,Female,250.228.87.234
72,Janaya,Breache,jbreache1z@fc2.com,Female,59.239.121.170
73,Nikos,Martinyuk,nmartinyuk20@ucla.edu,Male,101.113.204.197
74,Glad,Bartosiak,gbartosiak21@disqus.com,Female,103.242.220.222
75,Thelma,Ashment,tashment22@facebook.com,Female,113.29.80.107
76,Lane,Oakland,loakland23@salon.com,Male,11.78.140.150
77,Chery,Aikman,caikman24@51.la,Polygender,25.155.102.9
78,Grethel,Crosi,gcrosi25@studiopress.com,Female,229.158.79.201
79,Rickey,Woolfall,rwoolfall26@upenn.edu,Male,150.194.126.195
80,Felicdad,Toyer,ftoyer27@theatlantic.com,Genderqueer,253.162.8.95
81,Simeon,Robison,srobison28@deviantart.com,Male,0.165.30.234
82,Des,Foley,dfoley29@businesswire.com,Male,39.206.195.12
83,Mirabelle,Dewar,mdewar2a@squarespace.com,Female,133.176.38.28
84,Orren,Lightowlers,olightowlers2b@rakuten.co.jp,Male,182.198.167.146
85,Skippie,Londesborough,slondesborough2c@oracle.com,Male,196.147.130.49
86,Didi,Haldene,dhaldene2d@auda.org.au,Female,204.13.115.130
87,Forest,Matches,fmatches2e@unc.edu,Male,217.148.44.185
88,Debby,Boice,dboice2f@wordpress.com,Female,93.32.255.176
89,Edgard,Harwick,eharwick2g@va.gov,Male,143.102.42.159
90,Robin,Mervyn,rmervyn2h@arstechnica.com,Female,178.59.91.160
91,Olin,Lightollers,olightollers2i@cocolog-nifty.com,Male,191.191.238.245
92,Templeton,Lamb,tlamb2j@furl.net,Male,1.57.251.245
93,Morna,Tough,mtough2k@wordpress.com,Female,178.30.141.213
94,Donica,Sommer,dsommer2l@creativecommons.org,Genderfluid,29.59.149.87
95,Nonnah,Voas,nvoas2m@bloomberg.com,Female,202.139.139.58
96,Denny,Knappen,dknappen2n@wix.com,Male,159.221.142.85
97,Yolane,Daintith,ydaintith2o@toplist.cz,Female,108.101.247.5
98,Walsh,Chatburn,wchatburn2p@huffingtonpost.com,Male,177.169.105.97
99,Diann,Egar,degar2q@umn.edu,Female,144.43.234.145
100,Allen,Lamonby,alamonby2r@tamu.edu,Male,123.243.74.77
